{"cameraMode":{"drawMode":0,"name":"Shaded","section":"Shading Mode"},"sceneLighting":false,"audioPlay":false,"sceneViewState":{"m_AlwaysRefresh":false,"showFog":true,"showSkybox":false,"showFlares":true,"showImageEffects":true,"showParticleSystems":true,"showVisualEffectGraphs":true,"m_FxEnabled":true},"in2DMode":false,"pivot":{"x":1.8356008529663087,"y":0.7934348583221436,"z":-0.08359619975090027},"rotation":{"x":-0.03951278701424599,"y":0.7671310305595398,"z":-0.047481946647167209,"w":-0.6385724544525147},"size":1.5108639001846314,"orthographic":false}