{"cameraMode":{"drawMode":0,"name":"Shaded","section":"Shading Mode"},"sceneLighting":false,"audioPlay":false,"sceneViewState":{"m_AlwaysRefresh":false,"showFog":true,"showSkybox":false,"showFlares":true,"showImageEffects":true,"showParticleSystems":true,"showVisualEffectGraphs":true,"m_FxEnabled":true},"in2DMode":false,"pivot":{"x":0.13650958240032197,"y":0.7993630170822144,"z":2.6985816955566408},"rotation":{"x":-0.0009626571554690599,"y":-0.990225076675415,"z":0.13935379683971406,"w":-0.006825231481343508},"size":1.2247449159622193,"orthographic":false}